,car_brand_name,car_name,img_src
0,세아트,2018 세아트 아로나,https://imgauto-phinf.pstatic.net/20171031_266/auto_1509439855377PAJWP_PNG/20171031174935_r6q6oH2P.png?type=f508_367
1,세아트,2018 세아트 레온 SC,https://imgauto-phinf.pstatic.net/20180212_157/auto_1518406554091v46al_PNG/20180212123426_2E5TcSr6.png?type=f567_410
2,세아트,2018 세아트 이비자,https://imgauto-phinf.pstatic.net/20180208_11/auto_15180638595225swQ4_PNG/20180208132338_BOBwK3Zg.png?type=f508_367
3,세아트,2018 세아트 아테카,https://imgauto-phinf.pstatic.net/20180208_289/auto_1518072342042DmQUz_PNG/20180208154540_ggWPU2KW.png?type=f508_367
4,세아트,2018 세아트 레온,https://imgauto-phinf.pstatic.net/20180212_82/auto_1518402404906zB0pg_PNG/20180212112022_U6q9qdCE.png?type=f567_410
5,세아트,2018 세아트 레온 ST,https://imgauto-phinf.pstatic.net/20180212_283/auto_1518416457094c0Cz8_PNG/20180212152044_EzDuVbVT.png?type=f508_367
6,세아트,2017 세아트 톨레도,https://imgauto-phinf.pstatic.net/20180208_52/auto_15180667374329Iy4e_PNG/20180208141206_9ovDkeGS.png?type=f508_367
7,세아트,2017 세아트 알함브라,https://imgauto-phinf.pstatic.net/20180208_180/auto_1518073321089qDNXN_PNG/20180208160159_LVTEJqS6.png?type=f508_367
8,세아트,2016 세아트 이비자,https://imgauto-phinf.pstatic.net/20150605_283/auto_14334882616087Y6bd_PNG/20150605161052_vbM5ZINU.png?type=f508_367
9,세아트,2016 세아트 레온 ST 쿠프라,https://imgauto-phinf.pstatic.net/20150310_188/auto_1425962923935uCirX_PNG/20150310134829_UCmrOtqv.png?type=f508_367
10,세아트,2008 세아트 이비자 SC,https://imgauto-phinf.pstatic.net/20161024_189/auto_1477287499875c9qDX_PNG/20161024143816_363rV1QF.png?type=f508_367
11,세아트,2017 세아트 레온 ST,https://imgauto-phinf.pstatic.net/20170508_45/auto_1494208212421PNlFM_PNG/20170508105010_YVu1bvCg.png?type=f508_367
12,쉘비,2013 쉘비 GT500,https://imgauto-phinf.pstatic.net/20140609_197/auto_1402275792436QDiT5_PNG/20140609100310_5pb7aNfY.png?type=f567_410
13,쉘비,2013 쉘비 랩터,https://imgauto-phinf.pstatic.net/20140609_229/auto_1402275817919U9CMa_PNG/20140609100335_aJlmUp8S.png?type=f567_410
14,쉘비,2012 쉘비 1000,https://imgauto-phinf.pstatic.net/20140609_261/auto_14022757626154PKRE_PNG/20140609100240_BaNc8D5s.png?type=f567_410
15,쉘비,2013 쉘비 GTS,https://imgauto-phinf.pstatic.net/20140609_67/auto_140227580653643lxA_PNG/20140609100324_LmVioRz4.png?type=f567_410
16,쉘비,2013 쉘비 GT350,https://imgauto-phinf.pstatic.net/20140609_237/auto_1402275776454mphyc_PNG/20140609100254_al40RuXH.png?type=f567_410
17,쉘비,2013 쉘비 포커스 ST,https://imgauto-phinf.pstatic.net/20140609_39/auto_1402275832510wDBpd_PNG/20140609100350_wp1CZwfN.png?type=f567_410
18,쉘비슈퍼카,2013 쉘비 슈퍼카 투아타라,https://imgauto-phinf.pstatic.net/20140603_186/auto_140176368278846gJV_PNG/20140603114800_fYyWargc.png?type=f567_410
19,쉘비슈퍼카,2013 쉘비 슈퍼카 얼티밋 에어로,https://imgauto-phinf.pstatic.net/20140603_171/auto_14017636646767bSBx_PNG/20140603114742_ZhsRvclz.png?type=f567_410
20,쉘비슈퍼카,2013 쉘비 슈퍼카 얼티밋 에어로 TX,https://imgauto-phinf.pstatic.net/20170510_26/auto_1494417269384kGtsz_PNG/20170510205427_YBvIEy2P.png?type=f508_367
21,스파이커,2016 스파이커 C8 PRELIATOR,https://imgauto-phinf.pstatic.net/20160302_16/auto_1456905751357IhC07_PNG/20160302170210_YVv94Y0H.png?type=f508_367
22,스피라,2013 스피라 크레지티,https://imgauto-phinf.pstatic.net/20131017_36/auto_1382003097559GXcK0_PNG/20131017184308_zjohkHez.png?type=f567_410
23,스피라,2013 스피라 아이코닉 2,https://imgauto-phinf.pstatic.net/20131016_27/auto_13818939040936uFFu_PNG/20131016122459_ZNAZsD1o.png?type=f567_410
24,스피라,2013 뱅가리 세단,https://imgauto-phinf.pstatic.net/20131016_230/auto_1381893870825N1Ofr_PNG/20131016122427_hvPtaw0r.png?type=f567_410
25,스피라,2011 스피라,https://imgauto-phinf.pstatic.net/20131016_293/auto_1381893849312rJ78f_PNG/20131016122406_KtLw0r8I.png?type=f567_410
26,스피라,2010 스피라,https://imgauto-phinf.pstatic.net/20140213_25/auto_1392264768556Gq0KG_PNG/20140213131245_PZJlRybc.png?type=f567_410
27,스피라,2009 스피라,https://imgauto-phinf.pstatic.net/20140224_33/auto_13932095090890XKUt_PNG/20140224113826_Eya6xCcs.png?type=f567_410
28,스피라,2008 스피라,https://imgauto-phinf.pstatic.net/20140224_18/auto_13932142120712U9Xx_PNG/20140224125649_d00IFwlC.png?type=f567_410
29,스피라,2005 스피라,https://imgauto-phinf.pstatic.net/20140410_101/auto_1397094218540GplwM_PNG/20140410104335_5JuNzef0.png?type=f567_410
30,쎄미시스코,2018 D2,https://imgauto-phinf.pstatic.net/20180228_274/auto_1519777833338Bpajj_PNG/20180228093030_ktG5aHuh.png?type=f508_367
31,아바쓰,2017 아바쓰 124 스파이더,https://imgauto-phinf.pstatic.net/20160728_124/auto_1469703124303MnPEI_PNG/20160728195200_ZlsYC7Vu.png?type=f508_367
32,아브토바즈,2016 아브토바즈 라다 베스타,https://imgauto-phinf.pstatic.net/20151013_168/auto_1444719063885jsS9O_PNG/20151013155052_UBOtxDP8.png?type=f508_367
33,알피나,2018 알피나 D4 바이터보 카브리올레,https://imgauto-phinf.pstatic.net/20171227_124/auto_1514372930344gnz4b_PNG/20171227200824_3aJ8ia4l.png?type=f508_367
34,알피나,2018 알피나 B6 바이터보 그란쿠페,https://imgauto-phinf.pstatic.net/20171227_40/auto_15143722414671qgxi_PNG/20171227195710_HMq1tNTT.png?type=f508_367
35,알피나,2018 알피나 B5 바이터보,https://imgauto-phinf.pstatic.net/20171227_227/auto_1514370665267Wkg4p_PNG/20171227193055_M1HKGeqf.png?type=f508_367
36,알피나,2018 알피나 D4 바이터보,https://imgauto-phinf.pstatic.net/20171227_259/auto_1514373237987gT8xg_PNG/20171227201348_9bPRNuSy.png?type=f508_367
37,알피나,2018 알피나 D5 S,https://imgauto-phinf.pstatic.net/20171227_244/auto_1514373736343BrOzw_PNG/20171227202205_aBQj3Ng2.png?type=f508_367
38,알피나,2018 알피나 D5 S 투어링,https://imgauto-phinf.pstatic.net/20171227_272/auto_1514374298329W8vOU_PNG/20171227203128_fKz3qisG.png?type=f508_367
39,알피나,2018 알피나 D3 바이터보 투어링,https://imgauto-phinf.pstatic.net/20171222_80/auto_1513924534743MkxDy_PNG/20171222153503_X68HHXnD.png?type=f508_367
40,알피나,2018 알피나 B4 S 바이터보 쿠페,https://imgauto-phinf.pstatic.net/20171227_286/auto_1514369599145dbE32_PNG/20171227191224_UbMKsk3J.png?type=f508_367
41,알피나,2018 알피나 D3 바이터보 살룬,https://imgauto-phinf.pstatic.net/20171222_111/auto_1513924190489OMFnV_PNG/20171222152744_3JwZMyGr.png?type=f508_367
42,알피나,2018 알피나 B7 바이터보,https://imgauto-phinf.pstatic.net/20171227_56/auto_1514372570496rGI7Q_PNG/20171227200238_8LY9qxMs.png?type=f508_367
43,알피나,2018 알피나 B6 바이터보 카브리올레,https://imgauto-phinf.pstatic.net/20171227_173/auto_1514371835232Nc1H6_PNG/20171227195025_OWSDLooM.png?type=f508_367
44,알피나,2018 알피나 B3 S 바이터보 살룬,https://imgauto-phinf.pstatic.net/20171222_100/auto_1513927087486QjRt5_PNG/20171222161732_CiyTQDnv.png?type=f508_367
45,알피나,2017알피나 XD3 바이터보,https://imgauto-phinf.pstatic.net/20171227_236/auto_151437468254324xFQ_PNG/20171227203758_kudRlbYM.png?type=f508_367
46,알피나,2017 알피나 B7 바이터보,https://imgauto-phinf.pstatic.net/20160216_90/auto_1455613266461DdTNh_PNG/20160216180046_r8EEUZeD.png?type=f508_367
47,알피나,2017 알피나 B6 바이터보,https://imgauto-phinf.pstatic.net/20171227_149/auto_1514371537194HwJqo_PNG/20171227194121_YJPTpIDI.png?type=f508_367
48,알피나,2016 알피나 B5 바이터보,https://imgauto-phinf.pstatic.net/20151124_56/auto_14483449374142JMIs_PNG/20151124150136_scTZo1C8.png?type=f508_367
49,알피나,2018 알파나 B3 S 바이터보 투어링,https://imgauto-phinf.pstatic.net/20171222_146/auto_1513927482771DvBvT_PNG/20171222162414_pqyfsPMu.png?type=f508_367
50,알피나,2018 알피나 B4 S 바이터보 카브리올레,https://imgauto-phinf.pstatic.net/20171227_49/auto_1514370367605BjnXc_PNG/20171227192559_amfnwywK.png?type=f508_367
51,알피나,2016 알피나 B6 바이터보 에디션50,https://imgauto-phinf.pstatic.net/20151224_256/auto_1450921661144Dc1vS_PNG/20151224104730_jCu6asyu.png?type=f508_367
52,에쿠스 오토모티브,2015 에쿠스 바스 770,https://imgauto-phinf.pstatic.net/20141119_192/auto_1416363341473DvkD2_PNG/20141119111330_bimCxJTk.png?type=f508_367
53,엘레멘탈,2014 엘레멘탈 RP1 GT,https://imgauto-phinf.pstatic.net/20140718_34/auto_1405646426478w2ldq_PNG/20140718102018_3fkafKc4.png?type=f508_367
54,오펠,2017 오펠 인시그니아 그랜드 스포츠,https://imgauto-phinf.pstatic.net/20170721_297/auto_1500618556515IU5IX_PNG/20170721152913_OXkjG10F.png?type=f508_367
55,오펠,2017 오펠 인시그니아 스포츠 투어러,https://imgauto-phinf.pstatic.net/20170223_104/auto_1487831108913HFjHM_PNG/20170223152507_aZv19EuK.png?type=f508_367
56,오펠,2017 오펠 자피라,https://imgauto-phinf.pstatic.net/20160601_154/auto_1464744222396BK0kY_PNG/20160601102337_KzubfZw5.png?type=f508_367
57,오펠,2013 오펠 카스카다,https://imgauto-phinf.pstatic.net/20170510_253/auto_1494394638909HPoDA_PNG/20170510143716_cgwf9Hw3.png?type=f508_367
58,오펠,2016 오펠 모카 X,https://imgauto-phinf.pstatic.net/20160205_286/auto_1454638179844LkRC0_PNG/20160205110936_58aZmQCs.png?type=f508_367
59,오펠,2016 오펠 아스트라 해치백,https://imgauto-phinf.pstatic.net/20150605_294/auto_1433491451139vFfe3_PNG/20150605170402_r0VyqPoP.png?type=f508_367
60,오펠,2016 오펠 코르사 OPC,https://imgauto-phinf.pstatic.net/20150210_197/auto_142354948824293E9V_PNG/20150210152425_joxvb4jU.png?type=f508_367
61,오펠,2016 오펠 아스트라 스포츠 투어러,https://imgauto-phinf.pstatic.net/20150911_52/auto_1441933676191ONaV4_PNG/20150911100751_gZN6ImcY.png?type=f508_367
62,오펠,2015 오펠 코르사,https://imgauto-phinf.pstatic.net/20141007_262/auto_1412647108836Iazws_PNG/20141007105820_0m8hiEif.png?type=f508_367
63,오펠,2015 오펠 칼,https://imgauto-phinf.pstatic.net/20150310_232/auto_142596818315546J5n_PNG/20150310151610_tuRBGf2v.png?type=f508_367
64,오펠,2015 오펠 아담 록스,https://imgauto-phinf.pstatic.net/20140228_213/auto_1393567290265EInyL_PNG/20140228150120_IIodwru7.png?type=f508_367
65,이스즈,2016 이스즈 D-MAX 블레이드,https://imgauto-phinf.pstatic.net/20160215_297/auto_1455502935143z3661_PNG/20160215112145_j94uQ7oy.png?type=f508_367
66,장링,2014 장링 예샹 S350,https://imgauto-phinf.pstatic.net/20141202_280/auto_1417486715525I9IpL_PNG/20141202111717_YGimwQGE.png?type=f508_367
67,젠보,2019 젠보 TSR-S,https://imgauto-phinf.pstatic.net/20180307_286/auto_1520410166022pbJvh_PNG/20180307170922_8OuczHny.png?type=f508_367
68,젠보,2017 젠보 TS1 GT,https://imgauto-phinf.pstatic.net/20170724_144/auto_15008828907184thk0_PNG/20170724165446_ZBZH8qHq.png?type=f508_367
69,카르마 오토모티브,2013 피스커 카르마,https://imgauto-phinf.pstatic.net/20140609_286/auto_1402290947442LYIiI_PNG/20140609141545_cRWLaBcU.png?type=f567_410
70,카르마 오토모티브,2013 피스커 서프,https://imgauto-phinf.pstatic.net/20170109_54/auto_1483949923145mkG9h_PNG/20170109171837_HV7uhyhC.png?type=f508_367
71,칼슨,2010 칼슨 C25,https://imgauto-phinf.pstatic.net/20140609_78/auto_1402275676857vcs65_PNG/20140609100114_u0k46qyd.png?type=f567_410
72,케이터햄,2017 케이터햄 세븐 슈퍼스프린트,https://imgauto-phinf.pstatic.net/20171124_300/auto_1511515601817y5nhh_PNG/20171124182632_qcwm07Ql.png?type=f508_367
73,케이터햄,2017 케이터햄 세븐 620R,https://imgauto-phinf.pstatic.net/20171124_12/auto_1511514506059O74YF_PNG/20171124180824_fU2r652e.png?type=f508_367
74,케이터햄,2016 케이터햄 세븐 620S,https://imgauto-phinf.pstatic.net/20160112_160/auto_1452579804112lM4Pg_PNG/20160112152314_6PzP7D1c.png?type=f508_367
75,케이터햄,2016 케이터햄 세븐 310,https://imgauto-phinf.pstatic.net/20171124_206/auto_1511510667756H21Sy_PNG/20171124170425_w9A8YL2t.png?type=f508_367
76,케이터햄,2016 케이터햄 슈퍼라이트 트웬티,https://imgauto-phinf.pstatic.net/20150911_280/auto_1441960872612k9sR5_PNG/20150911174042_C4mRZit1.png?type=f508_367
77,케이터햄,2015 케이터햄 세븐 420,https://imgauto-phinf.pstatic.net/20171124_197/auto_1511513360173e09Q3_PNG/20171124174909_smoDKJHA.png?type=f508_367
78,케이터햄,2013 케이터햄 세븐 160,https://imgauto-phinf.pstatic.net/20140725_230/auto_14062494229285k2D3_PNG/20140725095012_mUBRIvXe.png?type=f508_367
79,케이터햄,2015 케이터햄 세븐 270,https://imgauto-phinf.pstatic.net/20171124_298/auto_1511509855239eAeeY_PNG/20171124165030_fU8s1tJl.png?type=f567_410
80,쿠오로스,2016 쿠오로스 5,https://imgauto-phinf.pstatic.net/20151124_276/auto_1448328867733yBhEi_PNG/20151124103425_rGHyPrUM.png?type=f508_367
81,쿠오로스,2015 쿠오로스 3 해치백,https://imgauto-phinf.pstatic.net/20141119_275/auto_1416383210336C2khU_PNG/20141119164602_aiecrGb5.png?type=f508_367
82,쿠오로스,2015 쿠오로스 3 세단,https://imgauto-phinf.pstatic.net/20141119_156/auto_1416372536840AYUBa_PNG/20141119134716_wo0CCcLb.png?type=f508_367
83,쿠오로스,2014 쿠오로스 3 세단,https://imgauto-phinf.pstatic.net/20141202_21/auto_1417503083764H6PNu_PNG/20141202155108_HMqqHYsw.png?type=f508_367
84,쿠오로스,2015 쿠오로스 3 시티 SUV,https://imgauto-phinf.pstatic.net/20141128_36/auto_1417154077837HJXjM_PNG/20141128145430_3BcuuPby.png?type=f508_367
85,쿠오로스,2014 쿠오로스 3 해치백,https://imgauto-phinf.pstatic.net/20141202_203/auto_1417508950972FoArn_PNG/20141202172852_gwzNUhcI.png?type=f508_367
86,타타,2016 타타 티아고,https://imgauto-phinf.pstatic.net/20171211_155/auto_15129662052872GmRR_PNG/20171211132300_I86YO6Zu.png?type=f508_367
87,타타,2016 타타 넥슨,https://imgauto-phinf.pstatic.net/20171228_228/auto_1514436654058871pR_PNG/20171228135052_gx02qq3H.png?type=f508_367
88,타타,2016 타타 헥사,https://imgauto-phinf.pstatic.net/20171228_116/auto_1514435359013PNrAv_PNG/20171228132903_mmOd2UeZ.png?type=f508_367
89,타타,2016 타타 제스트,https://imgauto-phinf.pstatic.net/20171228_270/auto_1514424633071d5gyb_PNG/20171228102951_qkJz2YVa.png?type=f508_367
90,타타,2015 타타 볼트,https://imgauto-phinf.pstatic.net/20171211_146/auto_1512967778506cLDhW_PNG/20171211134920_bs15Pvas.png?type=f508_367
91,타타,2016 타타 인디고 e-CS,https://imgauto-phinf.pstatic.net/20171228_56/auto_15144265752034gHB0_PNG/20171228110245_QXkmJ0W7.png?type=f508_367
92,테슬라,2018 테슬라 모델3,https://imgauto-phinf.pstatic.net/20160404_266/auto_1459736375573aWsB0_PNG/20160404111932_FVIIfeHK.png?type=f508_367
93,테슬라,2017 테슬라 모델S,https://imgauto-phinf.pstatic.net/20160414_185/auto_1460619293157pi07E_PNG/20160414163447_sCAXUSQm.png?type=f508_367
94,테슬라,2016 테슬라 모델X,https://imgauto-phinf.pstatic.net/20170324_135/auto_14903229214718vieK_PNG/20170324113516_laWxmUBx.png?type=f508_367
95,패러데이 퓨처,2017 패러데이 퓨처 FF91,https://imgauto-phinf.pstatic.net/20170308_260/auto_1488936086605HPoyd_PNG/20170308102122_NWDNgYqE.png?type=f508_367
96,페로두아,2018 페로두아 베자,https://imgauto-phinf.pstatic.net/20180306_66/auto_1520312363279pVfKC_PNG/20180306135907_Tu5eqScN.png?type=f508_367
97,페로두아,2018 페로두아 알자,https://imgauto-phinf.pstatic.net/20180306_121/auto_1520316562678u8zKu_PNG/20180306150919_qmZphO7L.png?type=f508_367
98,페로두아,2018 페로두아 엑시아,https://imgauto-phinf.pstatic.net/20180306_78/auto_1520321263836lklyy_PNG/20180306162740_DcIeQgHP.png?type=f508_367
99,페로두아,2018 페로두아 마이비,https://imgauto-phinf.pstatic.net/20180306_121/auto_1520318249335nL4sn_PNG/20180306153725_OD19nxUW.png?type=f508_367
100,포톤,2015 포톤 툰랜드,https://imgauto-phinf.pstatic.net/20151022_265/auto_14455022576241a5ef_PNG/20151022172311_EUzSMCxa.png?type=f508_367
101,포톤,2015 포톤 사우바나,https://imgauto-phinf.pstatic.net/20151222_211/auto_1450761858744iaDIa_PNG/20151222142346_v9BTND0k.png?type=f508_367
102,한국지엠,2017 다마스,https://imgauto-phinf.pstatic.net/20160713_295/auto_1468396395180Eq3MD_PNG/20160713165312_saCmn6gh.png?type=f508_367
103,한국지엠,2017 뉴 라보,https://imgauto-phinf.pstatic.net/20160713_22/auto_1468389819857Ks7eI_PNG/20160713150337_brUSdmQp.png?type=f508_367
